"phone","pin","name"
"074-1",1234,"Test Observer 1"
"074-2",1234,"Test Observer 2"
"074-3",1234,"Test Observer 3"
"074-4",1234,"Test Observer 4"
"074-5",1234,"Test Observer 5"
"074-6",1234,"Test Observer 6"
"074-7",1234,"Test Observer 7"
"074-8",1234,"Test Observer 8"
"074-9",1234,"Test Observer 9"
"074-10",1234,"Test Observer 10"
"074-11",1234,"Test Observer 11"
"074-12",1234,"Test Observer 12"
"074-13",1234,"Test Observer 13"
"074-14",1234,"Test Observer 14"
"074-15",1234,"Test Observer 15"
"074-16",1234,"Test Observer 16"
"074-17",1234,"Test Observer 17"
"074-18",1234,"Test Observer 18"
"074-19",1234,"Test Observer 19"
"074-20",1234,"Test Observer 20"
"074-21",1234,"Test Observer 21"
"074-22",1234,"Test Observer 22"
"074-23",1234,"Test Observer 23"
"074-24",1234,"Test Observer 24"
"074-25",1234,"Test Observer 25"
"074-26",1234,"Test Observer 26"
"074-27",1234,"Test Observer 27"
"074-28",1234,"Test Observer 28"
"074-29",1234,"Test Observer 29"
"074-30",1234,"Test Observer 30"
"074-31",1234,"Test Observer 31"
"074-32",1234,"Test Observer 32"
"074-33",1234,"Test Observer 33"
"074-34",1234,"Test Observer 34"
"074-35",1234,"Test Observer 35"
"074-36",1234,"Test Observer 36"
"074-37",1234,"Test Observer 37"
"074-38",1234,"Test Observer 38"
"074-39",1234,"Test Observer 39"
"074-40",1234,"Test Observer 40"
"074-41",1234,"Test Observer 41"
"074-42",1234,"Test Observer 42"
"074-43",1234,"Test Observer 43"
"074-44",1234,"Test Observer 44"
"074-45",1234,"Test Observer 45"
"074-46",1234,"Test Observer 46"
"074-47",1234,"Test Observer 47"
"074-48",1234,"Test Observer 48"
"074-49",1234,"Test Observer 49"
"074-50",1234,"Test Observer 50"
"074-51",1234,"Test Observer 51"
"074-52",1234,"Test Observer 52"
"074-53",1234,"Test Observer 53"
"074-54",1234,"Test Observer 54"
"074-55",1234,"Test Observer 55"
"074-56",1234,"Test Observer 56"
"074-57",1234,"Test Observer 57"
"074-58",1234,"Test Observer 58"
"074-59",1234,"Test Observer 59"
"074-60",1234,"Test Observer 60"
"074-61",1234,"Test Observer 61"
"074-62",1234,"Test Observer 62"
"074-63",1234,"Test Observer 63"
"074-64",1234,"Test Observer 64"
"074-65",1234,"Test Observer 65"
"074-66",1234,"Test Observer 66"
"074-67",1234,"Test Observer 67"
"074-68",1234,"Test Observer 68"
"074-69",1234,"Test Observer 69"
"074-70",1234,"Test Observer 70"
"074-71",1234,"Test Observer 71"
"074-72",1234,"Test Observer 72"
"074-73",1234,"Test Observer 73"
"074-74",1234,"Test Observer 74"
"074-75",1234,"Test Observer 75"
"074-76",1234,"Test Observer 76"
"074-77",1234,"Test Observer 77"
"074-78",1234,"Test Observer 78"
"074-79",1234,"Test Observer 79"
"074-80",1234,"Test Observer 80"
"074-81",1234,"Test Observer 81"
"074-82",1234,"Test Observer 82"
"074-83",1234,"Test Observer 83"
"074-84",1234,"Test Observer 84"
"074-85",1234,"Test Observer 85"
"074-86",1234,"Test Observer 86"
"074-87",1234,"Test Observer 87"
"074-88",1234,"Test Observer 88"
"074-89",1234,"Test Observer 89"
"074-90",1234,"Test Observer 90"
"074-91",1234,"Test Observer 91"
"074-92",1234,"Test Observer 92"
"074-93",1234,"Test Observer 93"
"074-94",1234,"Test Observer 94"
"074-95",1234,"Test Observer 95"
"074-96",1234,"Test Observer 96"
"074-97",1234,"Test Observer 97"
"074-98",1234,"Test Observer 98"
"074-99",1234,"Test Observer 99"
"074-100",1234,"Test Observer 100"
"074-101",1234,"Test Observer 101"
"074-102",1234,"Test Observer 102"
"074-103",1234,"Test Observer 103"
"074-104",1234,"Test Observer 104"
"074-105",1234,"Test Observer 105"
"074-106",1234,"Test Observer 106"
"074-107",1234,"Test Observer 107"
"074-108",1234,"Test Observer 108"
"074-109",1234,"Test Observer 109"
"074-110",1234,"Test Observer 110"
"074-111",1234,"Test Observer 111"
"074-112",1234,"Test Observer 112"
"074-113",1234,"Test Observer 113"
"074-114",1234,"Test Observer 114"
"074-115",1234,"Test Observer 115"
"074-116",1234,"Test Observer 116"
"074-117",1234,"Test Observer 117"
"074-118",1234,"Test Observer 118"
"074-119",1234,"Test Observer 119"
"074-120",1234,"Test Observer 120"
"074-121",1234,"Test Observer 121"
"074-122",1234,"Test Observer 122"
"074-123",1234,"Test Observer 123"
"074-124",1234,"Test Observer 124"
"074-125",1234,"Test Observer 125"
"074-126",1234,"Test Observer 126"
"074-127",1234,"Test Observer 127"
"074-128",1234,"Test Observer 128"
"074-129",1234,"Test Observer 129"
"074-130",1234,"Test Observer 130"
"074-131",1234,"Test Observer 131"
"074-132",1234,"Test Observer 132"
"074-133",1234,"Test Observer 133"
"074-134",1234,"Test Observer 134"
"074-135",1234,"Test Observer 135"
"074-136",1234,"Test Observer 136"
"074-137",1234,"Test Observer 137"
"074-138",1234,"Test Observer 138"
"074-139",1234,"Test Observer 139"
"074-140",1234,"Test Observer 140"
"074-141",1234,"Test Observer 141"
"074-142",1234,"Test Observer 142"
"074-143",1234,"Test Observer 143"
"074-144",1234,"Test Observer 144"
"074-145",1234,"Test Observer 145"
"074-146",1234,"Test Observer 146"
"074-147",1234,"Test Observer 147"
"074-148",1234,"Test Observer 148"
"074-149",1234,"Test Observer 149"
"074-150",1234,"Test Observer 150"
"074-151",1234,"Test Observer 151"
"074-152",1234,"Test Observer 152"
"074-153",1234,"Test Observer 153"
"074-154",1234,"Test Observer 154"
"074-155",1234,"Test Observer 155"
"074-156",1234,"Test Observer 156"
"074-157",1234,"Test Observer 157"
"074-158",1234,"Test Observer 158"
"074-159",1234,"Test Observer 159"
"074-160",1234,"Test Observer 160"
"074-161",1234,"Test Observer 161"
"074-162",1234,"Test Observer 162"
"074-163",1234,"Test Observer 163"
"074-164",1234,"Test Observer 164"
"074-165",1234,"Test Observer 165"
"074-166",1234,"Test Observer 166"
"074-167",1234,"Test Observer 167"
"074-168",1234,"Test Observer 168"
"074-169",1234,"Test Observer 169"
"074-170",1234,"Test Observer 170"
"074-171",1234,"Test Observer 171"
"074-172",1234,"Test Observer 172"
"074-173",1234,"Test Observer 173"
"074-174",1234,"Test Observer 174"
"074-175",1234,"Test Observer 175"
"074-176",1234,"Test Observer 176"
"074-177",1234,"Test Observer 177"
"074-178",1234,"Test Observer 178"
"074-179",1234,"Test Observer 179"
"074-180",1234,"Test Observer 180"
"074-181",1234,"Test Observer 181"
"074-182",1234,"Test Observer 182"
"074-183",1234,"Test Observer 183"
"074-184",1234,"Test Observer 184"
"074-185",1234,"Test Observer 185"
"074-186",1234,"Test Observer 186"
"074-187",1234,"Test Observer 187"
"074-188",1234,"Test Observer 188"
"074-189",1234,"Test Observer 189"
"074-190",1234,"Test Observer 190"
"074-191",1234,"Test Observer 191"
"074-192",1234,"Test Observer 192"
"074-193",1234,"Test Observer 193"
"074-194",1234,"Test Observer 194"
"074-195",1234,"Test Observer 195"
"074-196",1234,"Test Observer 196"
"074-197",1234,"Test Observer 197"
"074-198",1234,"Test Observer 198"
"074-199",1234,"Test Observer 199"
"074-200",1234,"Test Observer 200"
"074-201",1234,"Test Observer 201"
"074-202",1234,"Test Observer 202"
"074-203",1234,"Test Observer 203"
"074-204",1234,"Test Observer 204"
"074-205",1234,"Test Observer 205"
"074-206",1234,"Test Observer 206"
"074-207",1234,"Test Observer 207"
"074-208",1234,"Test Observer 208"
"074-209",1234,"Test Observer 209"
"074-210",1234,"Test Observer 210"
"074-211",1234,"Test Observer 211"
"074-212",1234,"Test Observer 212"
"074-213",1234,"Test Observer 213"
"074-214",1234,"Test Observer 214"
"074-215",1234,"Test Observer 215"
"074-216",1234,"Test Observer 216"
"074-217",1234,"Test Observer 217"
"074-218",1234,"Test Observer 218"
"074-219",1234,"Test Observer 219"
"074-220",1234,"Test Observer 220"
"074-221",1234,"Test Observer 221"
"074-222",1234,"Test Observer 222"
"074-223",1234,"Test Observer 223"
"074-224",1234,"Test Observer 224"
"074-225",1234,"Test Observer 225"
"074-226",1234,"Test Observer 226"
"074-227",1234,"Test Observer 227"
"074-228",1234,"Test Observer 228"
"074-229",1234,"Test Observer 229"
"074-230",1234,"Test Observer 230"
"074-231",1234,"Test Observer 231"
"074-232",1234,"Test Observer 232"
"074-233",1234,"Test Observer 233"
"074-234",1234,"Test Observer 234"
"074-235",1234,"Test Observer 235"
"074-236",1234,"Test Observer 236"
"074-237",1234,"Test Observer 237"
"074-238",1234,"Test Observer 238"
"074-239",1234,"Test Observer 239"
"074-240",1234,"Test Observer 240"
"074-241",1234,"Test Observer 241"
"074-242",1234,"Test Observer 242"
"074-243",1234,"Test Observer 243"
"074-244",1234,"Test Observer 244"
"074-245",1234,"Test Observer 245"
"074-246",1234,"Test Observer 246"
"074-247",1234,"Test Observer 247"
"074-248",1234,"Test Observer 248"
"074-249",1234,"Test Observer 249"
"074-250",1234,"Test Observer 250"
"074-251",1234,"Test Observer 251"
"074-252",1234,"Test Observer 252"
"074-253",1234,"Test Observer 253"
"074-254",1234,"Test Observer 254"
"074-255",1234,"Test Observer 255"
"074-256",1234,"Test Observer 256"
"074-257",1234,"Test Observer 257"
"074-258",1234,"Test Observer 258"
"074-259",1234,"Test Observer 259"
"074-260",1234,"Test Observer 260"
"074-261",1234,"Test Observer 261"
"074-262",1234,"Test Observer 262"
"074-263",1234,"Test Observer 263"
"074-264",1234,"Test Observer 264"
"074-265",1234,"Test Observer 265"
"074-266",1234,"Test Observer 266"
"074-267",1234,"Test Observer 267"
"074-268",1234,"Test Observer 268"
"074-269",1234,"Test Observer 269"
"074-270",1234,"Test Observer 270"
"074-271",1234,"Test Observer 271"
"074-272",1234,"Test Observer 272"
"074-273",1234,"Test Observer 273"
"074-274",1234,"Test Observer 274"
"074-275",1234,"Test Observer 275"
"074-276",1234,"Test Observer 276"
"074-277",1234,"Test Observer 277"
"074-278",1234,"Test Observer 278"
"074-279",1234,"Test Observer 279"
"074-280",1234,"Test Observer 280"
"074-281",1234,"Test Observer 281"
"074-282",1234,"Test Observer 282"
"074-283",1234,"Test Observer 283"
"074-284",1234,"Test Observer 284"
"074-285",1234,"Test Observer 285"
"074-286",1234,"Test Observer 286"
"074-287",1234,"Test Observer 287"
"074-288",1234,"Test Observer 288"
"074-289",1234,"Test Observer 289"
"074-290",1234,"Test Observer 290"
"074-291",1234,"Test Observer 291"
"074-292",1234,"Test Observer 292"
"074-293",1234,"Test Observer 293"
"074-294",1234,"Test Observer 294"
"074-295",1234,"Test Observer 295"
"074-296",1234,"Test Observer 296"
"074-297",1234,"Test Observer 297"
"074-298",1234,"Test Observer 298"
"074-299",1234,"Test Observer 299"
"074-300",1234,"Test Observer 300"
"074-301",1234,"Test Observer 301"
"074-302",1234,"Test Observer 302"
"074-303",1234,"Test Observer 303"
"074-304",1234,"Test Observer 304"
"074-305",1234,"Test Observer 305"
"074-306",1234,"Test Observer 306"
"074-307",1234,"Test Observer 307"
"074-308",1234,"Test Observer 308"
"074-309",1234,"Test Observer 309"
"074-310",1234,"Test Observer 310"
"074-311",1234,"Test Observer 311"
"074-312",1234,"Test Observer 312"
"074-313",1234,"Test Observer 313"
"074-314",1234,"Test Observer 314"
"074-315",1234,"Test Observer 315"
"074-316",1234,"Test Observer 316"
"074-317",1234,"Test Observer 317"
"074-318",1234,"Test Observer 318"
"074-319",1234,"Test Observer 319"
"074-320",1234,"Test Observer 320"
"074-321",1234,"Test Observer 321"
"074-322",1234,"Test Observer 322"
"074-323",1234,"Test Observer 323"
"074-324",1234,"Test Observer 324"
"074-325",1234,"Test Observer 325"
"074-326",1234,"Test Observer 326"
"074-327",1234,"Test Observer 327"
"074-328",1234,"Test Observer 328"
"074-329",1234,"Test Observer 329"
"074-330",1234,"Test Observer 330"
"074-331",1234,"Test Observer 331"
"074-332",1234,"Test Observer 332"
"074-333",1234,"Test Observer 333"
"074-334",1234,"Test Observer 334"
"074-335",1234,"Test Observer 335"
"074-336",1234,"Test Observer 336"
"074-337",1234,"Test Observer 337"
"074-338",1234,"Test Observer 338"
"074-339",1234,"Test Observer 339"
"074-340",1234,"Test Observer 340"
"074-341",1234,"Test Observer 341"
"074-342",1234,"Test Observer 342"
"074-343",1234,"Test Observer 343"
"074-344",1234,"Test Observer 344"
"074-345",1234,"Test Observer 345"
"074-346",1234,"Test Observer 346"
"074-347",1234,"Test Observer 347"
"074-348",1234,"Test Observer 348"
"074-349",1234,"Test Observer 349"
"074-350",1234,"Test Observer 350"
"074-351",1234,"Test Observer 351"
"074-352",1234,"Test Observer 352"
"074-353",1234,"Test Observer 353"
"074-354",1234,"Test Observer 354"
"074-355",1234,"Test Observer 355"
"074-356",1234,"Test Observer 356"
"074-357",1234,"Test Observer 357"
"074-358",1234,"Test Observer 358"
"074-359",1234,"Test Observer 359"
"074-360",1234,"Test Observer 360"
"074-361",1234,"Test Observer 361"
"074-362",1234,"Test Observer 362"
"074-363",1234,"Test Observer 363"
"074-364",1234,"Test Observer 364"
"074-365",1234,"Test Observer 365"
"074-366",1234,"Test Observer 366"
"074-367",1234,"Test Observer 367"
"074-368",1234,"Test Observer 368"
"074-369",1234,"Test Observer 369"
"074-370",1234,"Test Observer 370"
"074-371",1234,"Test Observer 371"
"074-372",1234,"Test Observer 372"
"074-373",1234,"Test Observer 373"
"074-374",1234,"Test Observer 374"
"074-375",1234,"Test Observer 375"
"074-376",1234,"Test Observer 376"
"074-377",1234,"Test Observer 377"
"074-378",1234,"Test Observer 378"
"074-379",1234,"Test Observer 379"
"074-380",1234,"Test Observer 380"
"074-381",1234,"Test Observer 381"
"074-382",1234,"Test Observer 382"
"074-383",1234,"Test Observer 383"
"074-384",1234,"Test Observer 384"
"074-385",1234,"Test Observer 385"
"074-386",1234,"Test Observer 386"
"074-387",1234,"Test Observer 387"
"074-388",1234,"Test Observer 388"
"074-389",1234,"Test Observer 389"
"074-390",1234,"Test Observer 390"
"074-391",1234,"Test Observer 391"
"074-392",1234,"Test Observer 392"
"074-393",1234,"Test Observer 393"
"074-394",1234,"Test Observer 394"
"074-395",1234,"Test Observer 395"
"074-396",1234,"Test Observer 396"
"074-397",1234,"Test Observer 397"
"074-398",1234,"Test Observer 398"
"074-399",1234,"Test Observer 399"
"074-400",1234,"Test Observer 400"
"074-401",1234,"Test Observer 401"
"074-402",1234,"Test Observer 402"
"074-403",1234,"Test Observer 403"
"074-404",1234,"Test Observer 404"
"074-405",1234,"Test Observer 405"
"074-406",1234,"Test Observer 406"
"074-407",1234,"Test Observer 407"
"074-408",1234,"Test Observer 408"
"074-409",1234,"Test Observer 409"
"074-410",1234,"Test Observer 410"
"074-411",1234,"Test Observer 411"
"074-412",1234,"Test Observer 412"
"074-413",1234,"Test Observer 413"
"074-414",1234,"Test Observer 414"
"074-415",1234,"Test Observer 415"
"074-416",1234,"Test Observer 416"
"074-417",1234,"Test Observer 417"
"074-418",1234,"Test Observer 418"
"074-419",1234,"Test Observer 419"
"074-420",1234,"Test Observer 420"
"074-421",1234,"Test Observer 421"
"074-422",1234,"Test Observer 422"
"074-423",1234,"Test Observer 423"
"074-424",1234,"Test Observer 424"
"074-425",1234,"Test Observer 425"
"074-426",1234,"Test Observer 426"
"074-427",1234,"Test Observer 427"
"074-428",1234,"Test Observer 428"
"074-429",1234,"Test Observer 429"
"074-430",1234,"Test Observer 430"
"074-431",1234,"Test Observer 431"
"074-432",1234,"Test Observer 432"
"074-433",1234,"Test Observer 433"
"074-434",1234,"Test Observer 434"
"074-435",1234,"Test Observer 435"
"074-436",1234,"Test Observer 436"
"074-437",1234,"Test Observer 437"
"074-438",1234,"Test Observer 438"
"074-439",1234,"Test Observer 439"
"074-440",1234,"Test Observer 440"
"074-441",1234,"Test Observer 441"
"074-442",1234,"Test Observer 442"
"074-443",1234,"Test Observer 443"
"074-444",1234,"Test Observer 444"
"074-445",1234,"Test Observer 445"
"074-446",1234,"Test Observer 446"
"074-447",1234,"Test Observer 447"
"074-448",1234,"Test Observer 448"
"074-449",1234,"Test Observer 449"
"074-450",1234,"Test Observer 450"
"074-451",1234,"Test Observer 451"
"074-452",1234,"Test Observer 452"
"074-453",1234,"Test Observer 453"
"074-454",1234,"Test Observer 454"
"074-455",1234,"Test Observer 455"
"074-456",1234,"Test Observer 456"
"074-457",1234,"Test Observer 457"
"074-458",1234,"Test Observer 458"
"074-459",1234,"Test Observer 459"
"074-460",1234,"Test Observer 460"
"074-461",1234,"Test Observer 461"
"074-462",1234,"Test Observer 462"
"074-463",1234,"Test Observer 463"
"074-464",1234,"Test Observer 464"
"074-465",1234,"Test Observer 465"
"074-466",1234,"Test Observer 466"
"074-467",1234,"Test Observer 467"
"074-468",1234,"Test Observer 468"
"074-469",1234,"Test Observer 469"
"074-470",1234,"Test Observer 470"
"074-471",1234,"Test Observer 471"
"074-472",1234,"Test Observer 472"
"074-473",1234,"Test Observer 473"
"074-474",1234,"Test Observer 474"
"074-475",1234,"Test Observer 475"
"074-476",1234,"Test Observer 476"
"074-477",1234,"Test Observer 477"
"074-478",1234,"Test Observer 478"
"074-479",1234,"Test Observer 479"
"074-480",1234,"Test Observer 480"
"074-481",1234,"Test Observer 481"
"074-482",1234,"Test Observer 482"
"074-483",1234,"Test Observer 483"
"074-484",1234,"Test Observer 484"
"074-485",1234,"Test Observer 485"
"074-486",1234,"Test Observer 486"
"074-487",1234,"Test Observer 487"
"074-488",1234,"Test Observer 488"
"074-489",1234,"Test Observer 489"
"074-490",1234,"Test Observer 490"
"074-491",1234,"Test Observer 491"
"074-492",1234,"Test Observer 492"
"074-493",1234,"Test Observer 493"
"074-494",1234,"Test Observer 494"
"074-495",1234,"Test Observer 495"
"074-496",1234,"Test Observer 496"
"074-497",1234,"Test Observer 497"
"074-498",1234,"Test Observer 498"
"074-499",1234,"Test Observer 499"
"074-500",1234,"Test Observer 500"
"074-501",1234,"Test Observer 501"
"074-502",1234,"Test Observer 502"
"074-503",1234,"Test Observer 503"
"074-504",1234,"Test Observer 504"
"074-505",1234,"Test Observer 505"
"074-506",1234,"Test Observer 506"
"074-507",1234,"Test Observer 507"
"074-508",1234,"Test Observer 508"
"074-509",1234,"Test Observer 509"
"074-510",1234,"Test Observer 510"
"074-511",1234,"Test Observer 511"
"074-512",1234,"Test Observer 512"
"074-513",1234,"Test Observer 513"
"074-514",1234,"Test Observer 514"
"074-515",1234,"Test Observer 515"
"074-516",1234,"Test Observer 516"
"074-517",1234,"Test Observer 517"
"074-518",1234,"Test Observer 518"
"074-519",1234,"Test Observer 519"
"074-520",1234,"Test Observer 520"
"074-521",1234,"Test Observer 521"
"074-522",1234,"Test Observer 522"
"074-523",1234,"Test Observer 523"
"074-524",1234,"Test Observer 524"
"074-525",1234,"Test Observer 525"
"074-526",1234,"Test Observer 526"
"074-527",1234,"Test Observer 527"
"074-528",1234,"Test Observer 528"
"074-529",1234,"Test Observer 529"
"074-530",1234,"Test Observer 530"
"074-531",1234,"Test Observer 531"
"074-532",1234,"Test Observer 532"
"074-533",1234,"Test Observer 533"
"074-534",1234,"Test Observer 534"
"074-535",1234,"Test Observer 535"
"074-536",1234,"Test Observer 536"
"074-537",1234,"Test Observer 537"
"074-538",1234,"Test Observer 538"
"074-539",1234,"Test Observer 539"
"074-540",1234,"Test Observer 540"
"074-541",1234,"Test Observer 541"
"074-542",1234,"Test Observer 542"
"074-543",1234,"Test Observer 543"
"074-544",1234,"Test Observer 544"
"074-545",1234,"Test Observer 545"
"074-546",1234,"Test Observer 546"
"074-547",1234,"Test Observer 547"
"074-548",1234,"Test Observer 548"
"074-549",1234,"Test Observer 549"
"074-550",1234,"Test Observer 550"
"074-551",1234,"Test Observer 551"
"074-552",1234,"Test Observer 552"
"074-553",1234,"Test Observer 553"
"074-554",1234,"Test Observer 554"
"074-555",1234,"Test Observer 555"
"074-556",1234,"Test Observer 556"
"074-557",1234,"Test Observer 557"
"074-558",1234,"Test Observer 558"
"074-559",1234,"Test Observer 559"
"074-560",1234,"Test Observer 560"
"074-561",1234,"Test Observer 561"
"074-562",1234,"Test Observer 562"
"074-563",1234,"Test Observer 563"
"074-564",1234,"Test Observer 564"
"074-565",1234,"Test Observer 565"
"074-566",1234,"Test Observer 566"
"074-567",1234,"Test Observer 567"
"074-568",1234,"Test Observer 568"
"074-569",1234,"Test Observer 569"
"074-570",1234,"Test Observer 570"
"074-571",1234,"Test Observer 571"
"074-572",1234,"Test Observer 572"
"074-573",1234,"Test Observer 573"
"074-574",1234,"Test Observer 574"
"074-575",1234,"Test Observer 575"
"074-576",1234,"Test Observer 576"
"074-577",1234,"Test Observer 577"
"074-578",1234,"Test Observer 578"
"074-579",1234,"Test Observer 579"
"074-580",1234,"Test Observer 580"
"074-581",1234,"Test Observer 581"
"074-582",1234,"Test Observer 582"
"074-583",1234,"Test Observer 583"
"074-584",1234,"Test Observer 584"
"074-585",1234,"Test Observer 585"
"074-586",1234,"Test Observer 586"
"074-587",1234,"Test Observer 587"
"074-588",1234,"Test Observer 588"
"074-589",1234,"Test Observer 589"
"074-590",1234,"Test Observer 590"
"074-591",1234,"Test Observer 591"
"074-592",1234,"Test Observer 592"
"074-593",1234,"Test Observer 593"
"074-594",1234,"Test Observer 594"
"074-595",1234,"Test Observer 595"
"074-596",1234,"Test Observer 596"
"074-597",1234,"Test Observer 597"
"074-598",1234,"Test Observer 598"
"074-599",1234,"Test Observer 599"
"074-600",1234,"Test Observer 600"
"074-601",1234,"Test Observer 601"
"074-602",1234,"Test Observer 602"
"074-603",1234,"Test Observer 603"
"074-604",1234,"Test Observer 604"
"074-605",1234,"Test Observer 605"
"074-606",1234,"Test Observer 606"
"074-607",1234,"Test Observer 607"
"074-608",1234,"Test Observer 608"
"074-609",1234,"Test Observer 609"
"074-610",1234,"Test Observer 610"
"074-611",1234,"Test Observer 611"
"074-612",1234,"Test Observer 612"
"074-613",1234,"Test Observer 613"
"074-614",1234,"Test Observer 614"
"074-615",1234,"Test Observer 615"
"074-616",1234,"Test Observer 616"
"074-617",1234,"Test Observer 617"
"074-618",1234,"Test Observer 618"
"074-619",1234,"Test Observer 619"
"074-620",1234,"Test Observer 620"
"074-621",1234,"Test Observer 621"
"074-622",1234,"Test Observer 622"
"074-623",1234,"Test Observer 623"
"074-624",1234,"Test Observer 624"
"074-625",1234,"Test Observer 625"
"074-626",1234,"Test Observer 626"
"074-627",1234,"Test Observer 627"
"074-628",1234,"Test Observer 628"
"074-629",1234,"Test Observer 629"
"074-630",1234,"Test Observer 630"
"074-631",1234,"Test Observer 631"
"074-632",1234,"Test Observer 632"
"074-633",1234,"Test Observer 633"
"074-634",1234,"Test Observer 634"
"074-635",1234,"Test Observer 635"
"074-636",1234,"Test Observer 636"
"074-637",1234,"Test Observer 637"
"074-638",1234,"Test Observer 638"
"074-639",1234,"Test Observer 639"
"074-640",1234,"Test Observer 640"
"074-641",1234,"Test Observer 641"
"074-642",1234,"Test Observer 642"
"074-643",1234,"Test Observer 643"
"074-644",1234,"Test Observer 644"
"074-645",1234,"Test Observer 645"
"074-646",1234,"Test Observer 646"
"074-647",1234,"Test Observer 647"
"074-648",1234,"Test Observer 648"
"074-649",1234,"Test Observer 649"
"074-650",1234,"Test Observer 650"
"074-651",1234,"Test Observer 651"
"074-652",1234,"Test Observer 652"
"074-653",1234,"Test Observer 653"
"074-654",1234,"Test Observer 654"
"074-655",1234,"Test Observer 655"
"074-656",1234,"Test Observer 656"
"074-657",1234,"Test Observer 657"
"074-658",1234,"Test Observer 658"
"074-659",1234,"Test Observer 659"
"074-660",1234,"Test Observer 660"
"074-661",1234,"Test Observer 661"
"074-662",1234,"Test Observer 662"
"074-663",1234,"Test Observer 663"
"074-664",1234,"Test Observer 664"
"074-665",1234,"Test Observer 665"
"074-666",1234,"Test Observer 666"
"074-667",1234,"Test Observer 667"
"074-668",1234,"Test Observer 668"
"074-669",1234,"Test Observer 669"
"074-670",1234,"Test Observer 670"
"074-671",1234,"Test Observer 671"
"074-672",1234,"Test Observer 672"
"074-673",1234,"Test Observer 673"
"074-674",1234,"Test Observer 674"
"074-675",1234,"Test Observer 675"
"074-676",1234,"Test Observer 676"
"074-677",1234,"Test Observer 677"
"074-678",1234,"Test Observer 678"
"074-679",1234,"Test Observer 679"
"074-680",1234,"Test Observer 680"
"074-681",1234,"Test Observer 681"
"074-682",1234,"Test Observer 682"
"074-683",1234,"Test Observer 683"
"074-684",1234,"Test Observer 684"
"074-685",1234,"Test Observer 685"
"074-686",1234,"Test Observer 686"
"074-687",1234,"Test Observer 687"
"074-688",1234,"Test Observer 688"
"074-689",1234,"Test Observer 689"
"074-690",1234,"Test Observer 690"
"074-691",1234,"Test Observer 691"
"074-692",1234,"Test Observer 692"
"074-693",1234,"Test Observer 693"
"074-694",1234,"Test Observer 694"
"074-695",1234,"Test Observer 695"
"074-696",1234,"Test Observer 696"
"074-697",1234,"Test Observer 697"
"074-698",1234,"Test Observer 698"
"074-699",1234,"Test Observer 699"
"074-700",1234,"Test Observer 700"
"074-701",1234,"Test Observer 701"
"074-702",1234,"Test Observer 702"
"074-703",1234,"Test Observer 703"
"074-704",1234,"Test Observer 704"
"074-705",1234,"Test Observer 705"
"074-706",1234,"Test Observer 706"
"074-707",1234,"Test Observer 707"
"074-708",1234,"Test Observer 708"
"074-709",1234,"Test Observer 709"
"074-710",1234,"Test Observer 710"
"074-711",1234,"Test Observer 711"
"074-712",1234,"Test Observer 712"
"074-713",1234,"Test Observer 713"
"074-714",1234,"Test Observer 714"
"074-715",1234,"Test Observer 715"
"074-716",1234,"Test Observer 716"
"074-717",1234,"Test Observer 717"
"074-718",1234,"Test Observer 718"
"074-719",1234,"Test Observer 719"
"074-720",1234,"Test Observer 720"
"074-721",1234,"Test Observer 721"
"074-722",1234,"Test Observer 722"
"074-723",1234,"Test Observer 723"
"074-724",1234,"Test Observer 724"
"074-725",1234,"Test Observer 725"
"074-726",1234,"Test Observer 726"
"074-727",1234,"Test Observer 727"
"074-728",1234,"Test Observer 728"
"074-729",1234,"Test Observer 729"
"074-730",1234,"Test Observer 730"
"074-731",1234,"Test Observer 731"
"074-732",1234,"Test Observer 732"
"074-733",1234,"Test Observer 733"
"074-734",1234,"Test Observer 734"
"074-735",1234,"Test Observer 735"
"074-736",1234,"Test Observer 736"
"074-737",1234,"Test Observer 737"
"074-738",1234,"Test Observer 738"
"074-739",1234,"Test Observer 739"
"074-740",1234,"Test Observer 740"
"074-741",1234,"Test Observer 741"
"074-742",1234,"Test Observer 742"
"074-743",1234,"Test Observer 743"
"074-744",1234,"Test Observer 744"
"074-745",1234,"Test Observer 745"
"074-746",1234,"Test Observer 746"
"074-747",1234,"Test Observer 747"
"074-748",1234,"Test Observer 748"
"074-749",1234,"Test Observer 749"
"074-750",1234,"Test Observer 750"
"074-751",1234,"Test Observer 751"
"074-752",1234,"Test Observer 752"
"074-753",1234,"Test Observer 753"
"074-754",1234,"Test Observer 754"
"074-755",1234,"Test Observer 755"
"074-756",1234,"Test Observer 756"
"074-757",1234,"Test Observer 757"
"074-758",1234,"Test Observer 758"
"074-759",1234,"Test Observer 759"
"074-760",1234,"Test Observer 760"
"074-761",1234,"Test Observer 761"
"074-762",1234,"Test Observer 762"
"074-763",1234,"Test Observer 763"
"074-764",1234,"Test Observer 764"
"074-765",1234,"Test Observer 765"
"074-766",1234,"Test Observer 766"
"074-767",1234,"Test Observer 767"
"074-768",1234,"Test Observer 768"
"074-769",1234,"Test Observer 769"
"074-770",1234,"Test Observer 770"
"074-771",1234,"Test Observer 771"
"074-772",1234,"Test Observer 772"
"074-773",1234,"Test Observer 773"
"074-774",1234,"Test Observer 774"
"074-775",1234,"Test Observer 775"
"074-776",1234,"Test Observer 776"
"074-777",1234,"Test Observer 777"
"074-778",1234,"Test Observer 778"
"074-779",1234,"Test Observer 779"
"074-780",1234,"Test Observer 780"
"074-781",1234,"Test Observer 781"
"074-782",1234,"Test Observer 782"
"074-783",1234,"Test Observer 783"
"074-784",1234,"Test Observer 784"
"074-785",1234,"Test Observer 785"
"074-786",1234,"Test Observer 786"
"074-787",1234,"Test Observer 787"
"074-788",1234,"Test Observer 788"
"074-789",1234,"Test Observer 789"
"074-790",1234,"Test Observer 790"
"074-791",1234,"Test Observer 791"
"074-792",1234,"Test Observer 792"
"074-793",1234,"Test Observer 793"
"074-794",1234,"Test Observer 794"
"074-795",1234,"Test Observer 795"
"074-796",1234,"Test Observer 796"
"074-797",1234,"Test Observer 797"
"074-798",1234,"Test Observer 798"
"074-799",1234,"Test Observer 799"
"074-800",1234,"Test Observer 800"
"074-801",1234,"Test Observer 801"
"074-802",1234,"Test Observer 802"
"074-803",1234,"Test Observer 803"
"074-804",1234,"Test Observer 804"
"074-805",1234,"Test Observer 805"
"074-806",1234,"Test Observer 806"
"074-807",1234,"Test Observer 807"
"074-808",1234,"Test Observer 808"
"074-809",1234,"Test Observer 809"
"074-810",1234,"Test Observer 810"
"074-811",1234,"Test Observer 811"
"074-812",1234,"Test Observer 812"
"074-813",1234,"Test Observer 813"
"074-814",1234,"Test Observer 814"
"074-815",1234,"Test Observer 815"
"074-816",1234,"Test Observer 816"
"074-817",1234,"Test Observer 817"
"074-818",1234,"Test Observer 818"
"074-819",1234,"Test Observer 819"
"074-820",1234,"Test Observer 820"
"074-821",1234,"Test Observer 821"
"074-822",1234,"Test Observer 822"
"074-823",1234,"Test Observer 823"
"074-824",1234,"Test Observer 824"
"074-825",1234,"Test Observer 825"
"074-826",1234,"Test Observer 826"
"074-827",1234,"Test Observer 827"
"074-828",1234,"Test Observer 828"
"074-829",1234,"Test Observer 829"
"074-830",1234,"Test Observer 830"
"074-831",1234,"Test Observer 831"
"074-832",1234,"Test Observer 832"
"074-833",1234,"Test Observer 833"
"074-834",1234,"Test Observer 834"
"074-835",1234,"Test Observer 835"
"074-836",1234,"Test Observer 836"
"074-837",1234,"Test Observer 837"
"074-838",1234,"Test Observer 838"
"074-839",1234,"Test Observer 839"
"074-840",1234,"Test Observer 840"
"074-841",1234,"Test Observer 841"
"074-842",1234,"Test Observer 842"
"074-843",1234,"Test Observer 843"
"074-844",1234,"Test Observer 844"
"074-845",1234,"Test Observer 845"
"074-846",1234,"Test Observer 846"
"074-847",1234,"Test Observer 847"
"074-848",1234,"Test Observer 848"
"074-849",1234,"Test Observer 849"
"074-850",1234,"Test Observer 850"
"074-851",1234,"Test Observer 851"
"074-852",1234,"Test Observer 852"
"074-853",1234,"Test Observer 853"
"074-854",1234,"Test Observer 854"
"074-855",1234,"Test Observer 855"
"074-856",1234,"Test Observer 856"
"074-857",1234,"Test Observer 857"
"074-858",1234,"Test Observer 858"
"074-859",1234,"Test Observer 859"
"074-860",1234,"Test Observer 860"
"074-861",1234,"Test Observer 861"
"074-862",1234,"Test Observer 862"
"074-863",1234,"Test Observer 863"
"074-864",1234,"Test Observer 864"
"074-865",1234,"Test Observer 865"
"074-866",1234,"Test Observer 866"
"074-867",1234,"Test Observer 867"
"074-868",1234,"Test Observer 868"
"074-869",1234,"Test Observer 869"
"074-870",1234,"Test Observer 870"
"074-871",1234,"Test Observer 871"
"074-872",1234,"Test Observer 872"
"074-873",1234,"Test Observer 873"
"074-874",1234,"Test Observer 874"
"074-875",1234,"Test Observer 875"
"074-876",1234,"Test Observer 876"
"074-877",1234,"Test Observer 877"
"074-878",1234,"Test Observer 878"
"074-879",1234,"Test Observer 879"
"074-880",1234,"Test Observer 880"
"074-881",1234,"Test Observer 881"
"074-882",1234,"Test Observer 882"
"074-883",1234,"Test Observer 883"
"074-884",1234,"Test Observer 884"
"074-885",1234,"Test Observer 885"
"074-886",1234,"Test Observer 886"
"074-887",1234,"Test Observer 887"
"074-888",1234,"Test Observer 888"
"074-889",1234,"Test Observer 889"
"074-890",1234,"Test Observer 890"
"074-891",1234,"Test Observer 891"
"074-892",1234,"Test Observer 892"
"074-893",1234,"Test Observer 893"
"074-894",1234,"Test Observer 894"
"074-895",1234,"Test Observer 895"
"074-896",1234,"Test Observer 896"
"074-897",1234,"Test Observer 897"
"074-898",1234,"Test Observer 898"
"074-899",1234,"Test Observer 899"
"074-900",1234,"Test Observer 900"
"074-901",1234,"Test Observer 901"
"074-902",1234,"Test Observer 902"
"074-903",1234,"Test Observer 903"
"074-904",1234,"Test Observer 904"
"074-905",1234,"Test Observer 905"
"074-906",1234,"Test Observer 906"
"074-907",1234,"Test Observer 907"
"074-908",1234,"Test Observer 908"
"074-909",1234,"Test Observer 909"
"074-910",1234,"Test Observer 910"
"074-911",1234,"Test Observer 911"
"074-912",1234,"Test Observer 912"
"074-913",1234,"Test Observer 913"
"074-914",1234,"Test Observer 914"
"074-915",1234,"Test Observer 915"
"074-916",1234,"Test Observer 916"
"074-917",1234,"Test Observer 917"
"074-918",1234,"Test Observer 918"
"074-919",1234,"Test Observer 919"
"074-920",1234,"Test Observer 920"
"074-921",1234,"Test Observer 921"
"074-922",1234,"Test Observer 922"
"074-923",1234,"Test Observer 923"
"074-924",1234,"Test Observer 924"
"074-925",1234,"Test Observer 925"
"074-926",1234,"Test Observer 926"
"074-927",1234,"Test Observer 927"
"074-928",1234,"Test Observer 928"
"074-929",1234,"Test Observer 929"
"074-930",1234,"Test Observer 930"
"074-931",1234,"Test Observer 931"
"074-932",1234,"Test Observer 932"
"074-933",1234,"Test Observer 933"
"074-934",1234,"Test Observer 934"
"074-935",1234,"Test Observer 935"
"074-936",1234,"Test Observer 936"
"074-937",1234,"Test Observer 937"
"074-938",1234,"Test Observer 938"
"074-939",1234,"Test Observer 939"
"074-940",1234,"Test Observer 940"
"074-941",1234,"Test Observer 941"
"074-942",1234,"Test Observer 942"
"074-943",1234,"Test Observer 943"
"074-944",1234,"Test Observer 944"
"074-945",1234,"Test Observer 945"
"074-946",1234,"Test Observer 946"
"074-947",1234,"Test Observer 947"
"074-948",1234,"Test Observer 948"
"074-949",1234,"Test Observer 949"
"074-950",1234,"Test Observer 950"
"074-951",1234,"Test Observer 951"
"074-952",1234,"Test Observer 952"
"074-953",1234,"Test Observer 953"
"074-954",1234,"Test Observer 954"
"074-955",1234,"Test Observer 955"
"074-956",1234,"Test Observer 956"
"074-957",1234,"Test Observer 957"
"074-958",1234,"Test Observer 958"
"074-959",1234,"Test Observer 959"
"074-960",1234,"Test Observer 960"
"074-961",1234,"Test Observer 961"
"074-962",1234,"Test Observer 962"
"074-963",1234,"Test Observer 963"
"074-964",1234,"Test Observer 964"
"074-965",1234,"Test Observer 965"
"074-966",1234,"Test Observer 966"
"074-967",1234,"Test Observer 967"
"074-968",1234,"Test Observer 968"
"074-969",1234,"Test Observer 969"
"074-970",1234,"Test Observer 970"
"074-971",1234,"Test Observer 971"
"074-972",1234,"Test Observer 972"
"074-973",1234,"Test Observer 973"
"074-974",1234,"Test Observer 974"
"074-975",1234,"Test Observer 975"
"074-976",1234,"Test Observer 976"
"074-977",1234,"Test Observer 977"
"074-978",1234,"Test Observer 978"
"074-979",1234,"Test Observer 979"
"074-980",1234,"Test Observer 980"
"074-981",1234,"Test Observer 981"
"074-982",1234,"Test Observer 982"
"074-983",1234,"Test Observer 983"
"074-984",1234,"Test Observer 984"
"074-985",1234,"Test Observer 985"
"074-986",1234,"Test Observer 986"
"074-987",1234,"Test Observer 987"
"074-988",1234,"Test Observer 988"
"074-989",1234,"Test Observer 989"
"074-990",1234,"Test Observer 990"
"074-991",1234,"Test Observer 991"
"074-992",1234,"Test Observer 992"
"074-993",1234,"Test Observer 993"
"074-994",1234,"Test Observer 994"
"074-995",1234,"Test Observer 995"
"074-996",1234,"Test Observer 996"
"074-997",1234,"Test Observer 997"
"074-998",1234,"Test Observer 998"
"074-999",1234,"Test Observer 999"
"074-1000",1234,"Test Observer 1000"