Phone,Pin,Name
074,1234,Test Observer 1
075,1235,Test Observer 2
076,1236,Test Observer 3
077,1237,Test Observer 4
078,1238,Test Observer 5
079,1239,Test Observer 6
080,1240,Test Observer 7
081,1241,Test Observer 8
082,1242,Test Observer 9
083,1243,Test Observer 10
084,1244,Test Observer 11
085,1245,Test Observer 12
086,1246,Test Observer 13
087,1247,Test Observer 14
088,1248,Test Observer 15
089,1249,Test Observer 16
090,1250,Test Observer 17
091,1251,Test Observer 18
092,1252,Test Observer 19
093,1253,Test Observer 20
094,1254,Test Observer 21
095,1255,Test Observer 22
096,1256,Test Observer 23
097,1257,Test Observer 24
098,1258,Test Observer 25
099,1259,Test Observer 26
100,1260,Test Observer 27
101,1261,Test Observer 28
102,1262,Test Observer 29
103,1263,Test Observer 30
104,1264,Test Observer 31
105,1265,Test Observer 32
106,1266,Test Observer 33
107,1267,Test Observer 34
108,1268,Test Observer 35
109,1269,Test Observer 36
110,1270,Test Observer 37
111,1271,Test Observer 38
112,1272,Test Observer 39
113,1273,Test Observer 40
114,1274,Test Observer 41
115,1275,Test Observer 42
116,1276,Test Observer 43
117,1277,Test Observer 44
118,1278,Test Observer 45
119,1279,Test Observer 46
120,1280,Test Observer 47
121,1281,Test Observer 48
122,1282,Test Observer 49
123,1283,Test Observer 50
124,1284,Test Observer 51
125,1285,Test Observer 52
126,1286,Test Observer 53
127,1287,Test Observer 54
128,1288,Test Observer 55
129,1289,Test Observer 56
130,1290,Test Observer 57
131,1291,Test Observer 58
132,1292,Test Observer 59
133,1293,Test Observer 60
134,1294,Test Observer 61
135,1295,Test Observer 62
136,1296,Test Observer 63
137,1297,Test Observer 64
138,1298,Test Observer 65
139,1299,Test Observer 66
140,1300,Test Observer 67
141,1301,Test Observer 68
142,1302,Test Observer 69
143,1303,Test Observer 70
144,1304,Test Observer 71
145,1305,Test Observer 72
146,1306,Test Observer 73
147,1307,Test Observer 74
148,1308,Test Observer 75
149,1309,Test Observer 76
150,1310,Test Observer 77
151,1311,Test Observer 78
152,1312,Test Observer 79
153,1313,Test Observer 80
154,1314,Test Observer 81
155,1315,Test Observer 82
156,1316,Test Observer 83
157,1317,Test Observer 84
158,1318,Test Observer 85
159,1319,Test Observer 86
160,1320,Test Observer 87
161,1321,Test Observer 88
162,1322,Test Observer 89
163,1323,Test Observer 90
164,1324,Test Observer 91
165,1325,Test Observer 92
166,1326,Test Observer 93
167,1327,Test Observer 94
168,1328,Test Observer 95
169,1329,Test Observer 96
170,1330,Test Observer 97
171,1331,Test Observer 98
172,1332,Test Observer 99
173,1333,Test Observer 100
174,1334,Test Observer 101
175,1335,Test Observer 102
176,1336,Test Observer 103
177,1337,Test Observer 104
178,1338,Test Observer 105
179,1339,Test Observer 106
180,1340,Test Observer 107
181,1341,Test Observer 108
182,1342,Test Observer 109
183,1343,Test Observer 110
184,1344,Test Observer 111
185,1345,Test Observer 112
186,1346,Test Observer 113
187,1347,Test Observer 114
188,1348,Test Observer 115
189,1349,Test Observer 116
190,1350,Test Observer 117
191,1351,Test Observer 118
192,1352,Test Observer 119
193,1353,Test Observer 120
194,1354,Test Observer 121
195,1355,Test Observer 122
196,1356,Test Observer 123
197,1357,Test Observer 124
198,1358,Test Observer 125
199,1359,Test Observer 126
200,1360,Test Observer 127
201,1361,Test Observer 128
202,1362,Test Observer 129
203,1363,Test Observer 130
204,1364,Test Observer 131
205,1365,Test Observer 132
206,1366,Test Observer 133
207,1367,Test Observer 134
208,1368,Test Observer 135
209,1369,Test Observer 136
210,1370,Test Observer 137
211,1371,Test Observer 138
212,1372,Test Observer 139
213,1373,Test Observer 140
214,1374,Test Observer 141
215,1375,Test Observer 142
216,1376,Test Observer 143
217,1377,Test Observer 144
218,1378,Test Observer 145
219,1379,Test Observer 146
220,1380,Test Observer 147
221,1381,Test Observer 148
222,1382,Test Observer 149
223,1383,Test Observer 150
224,1384,Test Observer 151
225,1385,Test Observer 152
226,1386,Test Observer 153
227,1387,Test Observer 154
228,1388,Test Observer 155
229,1389,Test Observer 156
230,1390,Test Observer 157
231,1391,Test Observer 158
232,1392,Test Observer 159
233,1393,Test Observer 160
234,1394,Test Observer 161
235,1395,Test Observer 162
236,1396,Test Observer 163
237,1397,Test Observer 164
238,1398,Test Observer 165
239,1399,Test Observer 166
240,1400,Test Observer 167
241,1401,Test Observer 168
242,1402,Test Observer 169
243,1403,Test Observer 170
244,1404,Test Observer 171
245,1405,Test Observer 172
246,1406,Test Observer 173
247,1407,Test Observer 174
248,1408,Test Observer 175
249,1409,Test Observer 176
250,1410,Test Observer 177
251,1411,Test Observer 178
252,1412,Test Observer 179
253,1413,Test Observer 180
254,1414,Test Observer 181
255,1415,Test Observer 182
256,1416,Test Observer 183
257,1417,Test Observer 184
258,1418,Test Observer 185
259,1419,Test Observer 186
260,1420,Test Observer 187
261,1421,Test Observer 188
262,1422,Test Observer 189
263,1423,Test Observer 190
264,1424,Test Observer 191
265,1425,Test Observer 192
266,1426,Test Observer 193
267,1427,Test Observer 194
268,1428,Test Observer 195
269,1429,Test Observer 196
270,1430,Test Observer 197
271,1431,Test Observer 198
272,1432,Test Observer 199
273,1433,Test Observer 200
274,1434,Test Observer 201
275,1435,Test Observer 202
276,1436,Test Observer 203
277,1437,Test Observer 204
278,1438,Test Observer 205
279,1439,Test Observer 206
280,1440,Test Observer 207
281,1441,Test Observer 208
282,1442,Test Observer 209
283,1443,Test Observer 210
284,1444,Test Observer 211
285,1445,Test Observer 212
286,1446,Test Observer 213
287,1447,Test Observer 214
288,1448,Test Observer 215
289,1449,Test Observer 216
290,1450,Test Observer 217
291,1451,Test Observer 218
292,1452,Test Observer 219
293,1453,Test Observer 220
294,1454,Test Observer 221
295,1455,Test Observer 222
296,1456,Test Observer 223
297,1457,Test Observer 224
298,1458,Test Observer 225
299,1459,Test Observer 226
300,1460,Test Observer 227
301,1461,Test Observer 228
302,1462,Test Observer 229
303,1463,Test Observer 230
304,1464,Test Observer 231
305,1465,Test Observer 232
306,1466,Test Observer 233
307,1467,Test Observer 234
308,1468,Test Observer 235
309,1469,Test Observer 236
310,1470,Test Observer 237
311,1471,Test Observer 238
312,1472,Test Observer 239
313,1473,Test Observer 240
314,1474,Test Observer 241
315,1475,Test Observer 242
316,1476,Test Observer 243
317,1477,Test Observer 244
318,1478,Test Observer 245
319,1479,Test Observer 246
320,1480,Test Observer 247
321,1481,Test Observer 248
322,1482,Test Observer 249
323,1483,Test Observer 250
324,1484,Test Observer 251
325,1485,Test Observer 252
326,1486,Test Observer 253
327,1487,Test Observer 254
328,1488,Test Observer 255
329,1489,Test Observer 256
330,1490,Test Observer 257
331,1491,Test Observer 258
332,1492,Test Observer 259
333,1493,Test Observer 260
334,1494,Test Observer 261
335,1495,Test Observer 262
336,1496,Test Observer 263
337,1497,Test Observer 264
338,1498,Test Observer 265
339,1499,Test Observer 266
340,1500,Test Observer 267
341,1501,Test Observer 268
342,1502,Test Observer 269
343,1503,Test Observer 270
344,1504,Test Observer 271
345,1505,Test Observer 272
346,1506,Test Observer 273
347,1507,Test Observer 274
348,1508,Test Observer 275
349,1509,Test Observer 276
350,1510,Test Observer 277
351,1511,Test Observer 278
352,1512,Test Observer 279
353,1513,Test Observer 280
354,1514,Test Observer 281
355,1515,Test Observer 282
356,1516,Test Observer 283
357,1517,Test Observer 284
358,1518,Test Observer 285
359,1519,Test Observer 286
360,1520,Test Observer 287
361,1521,Test Observer 288
362,1522,Test Observer 289
363,1523,Test Observer 290
364,1524,Test Observer 291
365,1525,Test Observer 292
366,1526,Test Observer 293
367,1527,Test Observer 294
368,1528,Test Observer 295
369,1529,Test Observer 296
370,1530,Test Observer 297
371,1531,Test Observer 298
372,1532,Test Observer 299
373,1533,Test Observer 300
374,1534,Test Observer 301
375,1535,Test Observer 302
376,1536,Test Observer 303
377,1537,Test Observer 304
378,1538,Test Observer 305
379,1539,Test Observer 306
380,1540,Test Observer 307
381,1541,Test Observer 308
382,1542,Test Observer 309
383,1543,Test Observer 310
384,1544,Test Observer 311
385,1545,Test Observer 312
386,1546,Test Observer 313
387,1547,Test Observer 314
388,1548,Test Observer 315
389,1549,Test Observer 316
390,1550,Test Observer 317
391,1551,Test Observer 318
392,1552,Test Observer 319
393,1553,Test Observer 320
394,1554,Test Observer 321
395,1555,Test Observer 322
396,1556,Test Observer 323
397,1557,Test Observer 324
398,1558,Test Observer 325
399,1559,Test Observer 326
400,1560,Test Observer 327
401,1561,Test Observer 328
402,1562,Test Observer 329
403,1563,Test Observer 330
404,1564,Test Observer 331
405,1565,Test Observer 332
406,1566,Test Observer 333
407,1567,Test Observer 334
408,1568,Test Observer 335
409,1569,Test Observer 336
410,1570,Test Observer 337
411,1571,Test Observer 338
412,1572,Test Observer 339
413,1573,Test Observer 340
414,1574,Test Observer 341
415,1575,Test Observer 342
416,1576,Test Observer 343
417,1577,Test Observer 344
418,1578,Test Observer 345
419,1579,Test Observer 346
420,1580,Test Observer 347
421,1581,Test Observer 348
422,1582,Test Observer 349
423,1583,Test Observer 350
424,1584,Test Observer 351
425,1585,Test Observer 352
426,1586,Test Observer 353
427,1587,Test Observer 354
428,1588,Test Observer 355
429,1589,Test Observer 356
430,1590,Test Observer 357
431,1591,Test Observer 358
432,1592,Test Observer 359
433,1593,Test Observer 360
434,1594,Test Observer 361
435,1595,Test Observer 362
436,1596,Test Observer 363
437,1597,Test Observer 364
438,1598,Test Observer 365
439,1599,Test Observer 366
440,1600,Test Observer 367
441,1601,Test Observer 368
442,1602,Test Observer 369
443,1603,Test Observer 370
444,1604,Test Observer 371
445,1605,Test Observer 372
446,1606,Test Observer 373
447,1607,Test Observer 374
448,1608,Test Observer 375
449,1609,Test Observer 376
450,1610,Test Observer 377
451,1611,Test Observer 378
452,1612,Test Observer 379
453,1613,Test Observer 380
454,1614,Test Observer 381
455,1615,Test Observer 382
456,1616,Test Observer 383
457,1617,Test Observer 384
458,1618,Test Observer 385
459,1619,Test Observer 386
460,1620,Test Observer 387
461,1621,Test Observer 388
462,1622,Test Observer 389
463,1623,Test Observer 390
464,1624,Test Observer 391
465,1625,Test Observer 392
466,1626,Test Observer 393
467,1627,Test Observer 394
468,1628,Test Observer 395
469,1629,Test Observer 396
470,1630,Test Observer 397
471,1631,Test Observer 398
472,1632,Test Observer 399
473,1633,Test Observer 400
474,1634,Test Observer 401
475,1635,Test Observer 402
476,1636,Test Observer 403
477,1637,Test Observer 404
478,1638,Test Observer 405
479,1639,Test Observer 406
480,1640,Test Observer 407
481,1641,Test Observer 408
482,1642,Test Observer 409
483,1643,Test Observer 410
484,1644,Test Observer 411
485,1645,Test Observer 412
486,1646,Test Observer 413
487,1647,Test Observer 414
488,1648,Test Observer 415
489,1649,Test Observer 416
490,1650,Test Observer 417
491,1651,Test Observer 418
492,1652,Test Observer 419
493,1653,Test Observer 420
494,1654,Test Observer 421
495,1655,Test Observer 422
496,1656,Test Observer 423
497,1657,Test Observer 424
498,1658,Test Observer 425
499,1659,Test Observer 426
500,1660,Test Observer 427
501,1661,Test Observer 428
502,1662,Test Observer 429
503,1663,Test Observer 430
504,1664,Test Observer 431
505,1665,Test Observer 432
506,1666,Test Observer 433
507,1667,Test Observer 434
508,1668,Test Observer 435
509,1669,Test Observer 436
510,1670,Test Observer 437
511,1671,Test Observer 438
512,1672,Test Observer 439
513,1673,Test Observer 440
514,1674,Test Observer 441
515,1675,Test Observer 442
516,1676,Test Observer 443
517,1677,Test Observer 444
518,1678,Test Observer 445
519,1679,Test Observer 446
520,1680,Test Observer 447
521,1681,Test Observer 448
522,1682,Test Observer 449
523,1683,Test Observer 450
524,1684,Test Observer 451
525,1685,Test Observer 452
526,1686,Test Observer 453
527,1687,Test Observer 454
528,1688,Test Observer 455
529,1689,Test Observer 456
530,1690,Test Observer 457
531,1691,Test Observer 458
532,1692,Test Observer 459
533,1693,Test Observer 460
534,1694,Test Observer 461
535,1695,Test Observer 462
536,1696,Test Observer 463
537,1697,Test Observer 464
538,1698,Test Observer 465
539,1699,Test Observer 466
540,1700,Test Observer 467
541,1701,Test Observer 468
542,1702,Test Observer 469
543,1703,Test Observer 470
544,1704,Test Observer 471
545,1705,Test Observer 472
546,1706,Test Observer 473
547,1707,Test Observer 474
548,1708,Test Observer 475
549,1709,Test Observer 476
550,1710,Test Observer 477
551,1711,Test Observer 478
552,1712,Test Observer 479
553,1713,Test Observer 480
554,1714,Test Observer 481
555,1715,Test Observer 482
556,1716,Test Observer 483
557,1717,Test Observer 484
558,1718,Test Observer 485
559,1719,Test Observer 486
560,1720,Test Observer 487
561,1721,Test Observer 488
562,1722,Test Observer 489
563,1723,Test Observer 490
564,1724,Test Observer 491
565,1725,Test Observer 492
566,1726,Test Observer 493
567,1727,Test Observer 494
568,1728,Test Observer 495
569,1729,Test Observer 496
570,1730,Test Observer 497
571,1731,Test Observer 498
572,1732,Test Observer 499
573,1733,Test Observer 500
574,1734,Test Observer 501
575,1735,Test Observer 502
576,1736,Test Observer 503
577,1737,Test Observer 504
578,1738,Test Observer 505
579,1739,Test Observer 506
580,1740,Test Observer 507
581,1741,Test Observer 508
582,1742,Test Observer 509
583,1743,Test Observer 510
584,1744,Test Observer 511
585,1745,Test Observer 512
586,1746,Test Observer 513
587,1747,Test Observer 514
588,1748,Test Observer 515
589,1749,Test Observer 516
590,1750,Test Observer 517
591,1751,Test Observer 518
592,1752,Test Observer 519
593,1753,Test Observer 520
594,1754,Test Observer 521
595,1755,Test Observer 522
596,1756,Test Observer 523
597,1757,Test Observer 524
598,1758,Test Observer 525
599,1759,Test Observer 526
600,1760,Test Observer 527
601,1761,Test Observer 528
602,1762,Test Observer 529
603,1763,Test Observer 530
604,1764,Test Observer 531
605,1765,Test Observer 532
606,1766,Test Observer 533
607,1767,Test Observer 534
608,1768,Test Observer 535
609,1769,Test Observer 536
610,1770,Test Observer 537
611,1771,Test Observer 538
612,1772,Test Observer 539
613,1773,Test Observer 540
614,1774,Test Observer 541
615,1775,Test Observer 542
616,1776,Test Observer 543
617,1777,Test Observer 544
618,1778,Test Observer 545
619,1779,Test Observer 546
620,1780,Test Observer 547
621,1781,Test Observer 548
622,1782,Test Observer 549
623,1783,Test Observer 550
624,1784,Test Observer 551
625,1785,Test Observer 552
626,1786,Test Observer 553
627,1787,Test Observer 554
628,1788,Test Observer 555
629,1789,Test Observer 556
630,1790,Test Observer 557
631,1791,Test Observer 558
632,1792,Test Observer 559
633,1793,Test Observer 560
634,1794,Test Observer 561
635,1795,Test Observer 562
636,1796,Test Observer 563
637,1797,Test Observer 564
638,1798,Test Observer 565
639,1799,Test Observer 566
640,1800,Test Observer 567
641,1801,Test Observer 568
642,1802,Test Observer 569
643,1803,Test Observer 570
644,1804,Test Observer 571
645,1805,Test Observer 572
646,1806,Test Observer 573
647,1807,Test Observer 574
648,1808,Test Observer 575
649,1809,Test Observer 576
650,1810,Test Observer 577
651,1811,Test Observer 578
652,1812,Test Observer 579
653,1813,Test Observer 580
654,1814,Test Observer 581
655,1815,Test Observer 582
656,1816,Test Observer 583
657,1817,Test Observer 584
658,1818,Test Observer 585
659,1819,Test Observer 586
660,1820,Test Observer 587
661,1821,Test Observer 588
662,1822,Test Observer 589
663,1823,Test Observer 590
664,1824,Test Observer 591
665,1825,Test Observer 592
666,1826,Test Observer 593
667,1827,Test Observer 594
668,1828,Test Observer 595
669,1829,Test Observer 596
670,1830,Test Observer 597
671,1831,Test Observer 598
672,1832,Test Observer 599
673,1833,Test Observer 600
674,1834,Test Observer 601
675,1835,Test Observer 602
676,1836,Test Observer 603
677,1837,Test Observer 604
678,1838,Test Observer 605
679,1839,Test Observer 606
680,1840,Test Observer 607
681,1841,Test Observer 608
682,1842,Test Observer 609
683,1843,Test Observer 610
684,1844,Test Observer 611
685,1845,Test Observer 612
686,1846,Test Observer 613
687,1847,Test Observer 614
688,1848,Test Observer 615
689,1849,Test Observer 616
690,1850,Test Observer 617
691,1851,Test Observer 618
692,1852,Test Observer 619
693,1853,Test Observer 620
694,1854,Test Observer 621
695,1855,Test Observer 622
696,1856,Test Observer 623
697,1857,Test Observer 624
698,1858,Test Observer 625
699,1859,Test Observer 626
700,1860,Test Observer 627
701,1861,Test Observer 628
702,1862,Test Observer 629
703,1863,Test Observer 630
704,1864,Test Observer 631
705,1865,Test Observer 632
706,1866,Test Observer 633
707,1867,Test Observer 634
708,1868,Test Observer 635
709,1869,Test Observer 636
710,1870,Test Observer 637
711,1871,Test Observer 638
712,1872,Test Observer 639
713,1873,Test Observer 640
714,1874,Test Observer 641
715,1875,Test Observer 642
716,1876,Test Observer 643
717,1877,Test Observer 644
718,1878,Test Observer 645
719,1879,Test Observer 646
720,1880,Test Observer 647
721,1881,Test Observer 648
722,1882,Test Observer 649
723,1883,Test Observer 650
724,1884,Test Observer 651
725,1885,Test Observer 652
726,1886,Test Observer 653
727,1887,Test Observer 654
728,1888,Test Observer 655
729,1889,Test Observer 656
730,1890,Test Observer 657
731,1891,Test Observer 658
732,1892,Test Observer 659
733,1893,Test Observer 660
734,1894,Test Observer 661
735,1895,Test Observer 662
736,1896,Test Observer 663
737,1897,Test Observer 664
738,1898,Test Observer 665
739,1899,Test Observer 666
740,1900,Test Observer 667
741,1901,Test Observer 668
742,1902,Test Observer 669
743,1903,Test Observer 670
744,1904,Test Observer 671
745,1905,Test Observer 672
746,1906,Test Observer 673
747,1907,Test Observer 674
748,1908,Test Observer 675
749,1909,Test Observer 676
750,1910,Test Observer 677
751,1911,Test Observer 678
752,1912,Test Observer 679
753,1913,Test Observer 680
754,1914,Test Observer 681
755,1915,Test Observer 682
756,1916,Test Observer 683
757,1917,Test Observer 684
758,1918,Test Observer 685
759,1919,Test Observer 686
760,1920,Test Observer 687
761,1921,Test Observer 688
762,1922,Test Observer 689
763,1923,Test Observer 690
764,1924,Test Observer 691
765,1925,Test Observer 692
766,1926,Test Observer 693
767,1927,Test Observer 694
768,1928,Test Observer 695
769,1929,Test Observer 696
770,1930,Test Observer 697
771,1931,Test Observer 698
772,1932,Test Observer 699
773,1933,Test Observer 700
774,1934,Test Observer 701
775,1935,Test Observer 702
776,1936,Test Observer 703
777,1937,Test Observer 704
778,1938,Test Observer 705
779,1939,Test Observer 706
780,1940,Test Observer 707
781,1941,Test Observer 708
782,1942,Test Observer 709
783,1943,Test Observer 710
784,1944,Test Observer 711
785,1945,Test Observer 712
786,1946,Test Observer 713
787,1947,Test Observer 714
788,1948,Test Observer 715
789,1949,Test Observer 716
790,1950,Test Observer 717
791,1951,Test Observer 718
792,1952,Test Observer 719
793,1953,Test Observer 720
794,1954,Test Observer 721
795,1955,Test Observer 722
796,1956,Test Observer 723
797,1957,Test Observer 724
798,1958,Test Observer 725
799,1959,Test Observer 726
800,1960,Test Observer 727
801,1961,Test Observer 728
802,1962,Test Observer 729
803,1963,Test Observer 730
804,1964,Test Observer 731
805,1965,Test Observer 732
806,1966,Test Observer 733
807,1967,Test Observer 734
808,1968,Test Observer 735
809,1969,Test Observer 736
810,1970,Test Observer 737
811,1971,Test Observer 738
812,1972,Test Observer 739
813,1973,Test Observer 740
814,1974,Test Observer 741
815,1975,Test Observer 742
816,1976,Test Observer 743
817,1977,Test Observer 744
818,1978,Test Observer 745
819,1979,Test Observer 746
820,1980,Test Observer 747
821,1981,Test Observer 748
822,1982,Test Observer 749
823,1983,Test Observer 750
824,1984,Test Observer 751
825,1985,Test Observer 752
826,1986,Test Observer 753
827,1987,Test Observer 754
828,1988,Test Observer 755
829,1989,Test Observer 756
830,1990,Test Observer 757
831,1991,Test Observer 758
832,1992,Test Observer 759
833,1993,Test Observer 760
834,1994,Test Observer 761
835,1995,Test Observer 762
836,1996,Test Observer 763
837,1997,Test Observer 764
838,1998,Test Observer 765
839,1999,Test Observer 766
840,2000,Test Observer 767
841,2001,Test Observer 768
842,2002,Test Observer 769
843,2003,Test Observer 770
844,2004,Test Observer 771
845,2005,Test Observer 772
846,2006,Test Observer 773
847,2007,Test Observer 774
848,2008,Test Observer 775
849,2009,Test Observer 776
850,2010,Test Observer 777
851,2011,Test Observer 778
852,2012,Test Observer 779
853,2013,Test Observer 780
854,2014,Test Observer 781
855,2015,Test Observer 782
856,2016,Test Observer 783
857,2017,Test Observer 784
858,2018,Test Observer 785
859,2019,Test Observer 786
860,2020,Test Observer 787
861,2021,Test Observer 788
862,2022,Test Observer 789
863,2023,Test Observer 790
864,2024,Test Observer 791
865,2025,Test Observer 792
866,2026,Test Observer 793
867,2027,Test Observer 794
868,2028,Test Observer 795
869,2029,Test Observer 796
870,2030,Test Observer 797
871,2031,Test Observer 798
872,2032,Test Observer 799
873,2033,Test Observer 800
874,2034,Test Observer 801
875,2035,Test Observer 802
876,2036,Test Observer 803
877,2037,Test Observer 804
878,2038,Test Observer 805
879,2039,Test Observer 806
880,2040,Test Observer 807
881,2041,Test Observer 808
882,2042,Test Observer 809
883,2043,Test Observer 810
884,2044,Test Observer 811
885,2045,Test Observer 812
886,2046,Test Observer 813
887,2047,Test Observer 814
888,2048,Test Observer 815
889,2049,Test Observer 816
890,2050,Test Observer 817
891,2051,Test Observer 818
892,2052,Test Observer 819
893,2053,Test Observer 820
894,2054,Test Observer 821
895,2055,Test Observer 822
896,2056,Test Observer 823
897,2057,Test Observer 824
898,2058,Test Observer 825
899,2059,Test Observer 826
900,2060,Test Observer 827
901,2061,Test Observer 828
902,2062,Test Observer 829
903,2063,Test Observer 830
904,2064,Test Observer 831
905,2065,Test Observer 832
906,2066,Test Observer 833
907,2067,Test Observer 834
908,2068,Test Observer 835
909,2069,Test Observer 836
910,2070,Test Observer 837
911,2071,Test Observer 838
912,2072,Test Observer 839
913,2073,Test Observer 840
914,2074,Test Observer 841
915,2075,Test Observer 842
916,2076,Test Observer 843
917,2077,Test Observer 844
918,2078,Test Observer 845
919,2079,Test Observer 846
920,2080,Test Observer 847
921,2081,Test Observer 848
922,2082,Test Observer 849
923,2083,Test Observer 850
924,2084,Test Observer 851
925,2085,Test Observer 852
926,2086,Test Observer 853
927,2087,Test Observer 854
928,2088,Test Observer 855
929,2089,Test Observer 856
930,2090,Test Observer 857
931,2091,Test Observer 858
932,2092,Test Observer 859
933,2093,Test Observer 860
934,2094,Test Observer 861
935,2095,Test Observer 862
936,2096,Test Observer 863
937,2097,Test Observer 864
938,2098,Test Observer 865
939,2099,Test Observer 866
940,2100,Test Observer 867
941,2101,Test Observer 868
942,2102,Test Observer 869
943,2103,Test Observer 870
944,2104,Test Observer 871
945,2105,Test Observer 872
946,2106,Test Observer 873
947,2107,Test Observer 874
948,2108,Test Observer 875
949,2109,Test Observer 876
950,2110,Test Observer 877
951,2111,Test Observer 878
952,2112,Test Observer 879
953,2113,Test Observer 880
954,2114,Test Observer 881
955,2115,Test Observer 882
956,2116,Test Observer 883
957,2117,Test Observer 884
958,2118,Test Observer 885
959,2119,Test Observer 886
960,2120,Test Observer 887
961,2121,Test Observer 888
962,2122,Test Observer 889
963,2123,Test Observer 890
964,2124,Test Observer 891
965,2125,Test Observer 892
966,2126,Test Observer 893
967,2127,Test Observer 894
968,2128,Test Observer 895
969,2129,Test Observer 896
970,2130,Test Observer 897
971,2131,Test Observer 898
972,2132,Test Observer 899
973,2133,Test Observer 900
974,2134,Test Observer 901
975,2135,Test Observer 902
976,2136,Test Observer 903
977,2137,Test Observer 904
978,2138,Test Observer 905
979,2139,Test Observer 906
980,2140,Test Observer 907
981,2141,Test Observer 908
982,2142,Test Observer 909
983,2143,Test Observer 910
984,2144,Test Observer 911
985,2145,Test Observer 912
986,2146,Test Observer 913
987,2147,Test Observer 914
988,2148,Test Observer 915
989,2149,Test Observer 916
990,2150,Test Observer 917
991,2151,Test Observer 918
992,2152,Test Observer 919
993,2153,Test Observer 920
994,2154,Test Observer 921
995,2155,Test Observer 922
996,2156,Test Observer 923
997,2157,Test Observer 924
998,2158,Test Observer 925
999,2159,Test Observer 926
1000,2160,Test Observer 927
1001,2161,Test Observer 928
1002,2162,Test Observer 929
1003,2163,Test Observer 930
1004,2164,Test Observer 931
1005,2165,Test Observer 932
1006,2166,Test Observer 933
1007,2167,Test Observer 934
1008,2168,Test Observer 935
1009,2169,Test Observer 936
1010,2170,Test Observer 937
1011,2171,Test Observer 938
1012,2172,Test Observer 939
1013,2173,Test Observer 940
1014,2174,Test Observer 941
1015,2175,Test Observer 942
1016,2176,Test Observer 943
1017,2177,Test Observer 944
1018,2178,Test Observer 945
1019,2179,Test Observer 946
1020,2180,Test Observer 947
1021,2181,Test Observer 948
1022,2182,Test Observer 949
1023,2183,Test Observer 950
1024,2184,Test Observer 951
1025,2185,Test Observer 952
1026,2186,Test Observer 953
1027,2187,Test Observer 954
1028,2188,Test Observer 955
1029,2189,Test Observer 956
1030,2190,Test Observer 957
1031,2191,Test Observer 958
1032,2192,Test Observer 959
1033,2193,Test Observer 960
1034,2194,Test Observer 961
1035,2195,Test Observer 962
1036,2196,Test Observer 963
1037,2197,Test Observer 964
1038,2198,Test Observer 965
1039,2199,Test Observer 966
1040,2200,Test Observer 967
1041,2201,Test Observer 968
1042,2202,Test Observer 969
1043,2203,Test Observer 970
1044,2204,Test Observer 971
1045,2205,Test Observer 972
1046,2206,Test Observer 973
1047,2207,Test Observer 974
1048,2208,Test Observer 975
1049,2209,Test Observer 976
1050,2210,Test Observer 977
1051,2211,Test Observer 978
1052,2212,Test Observer 979
1053,2213,Test Observer 980
1054,2214,Test Observer 981
1055,2215,Test Observer 982
1056,2216,Test Observer 983
1057,2217,Test Observer 984
1058,2218,Test Observer 985
1059,2219,Test Observer 986
1060,2220,Test Observer 987
1061,2221,Test Observer 988
1062,2222,Test Observer 989
1063,2223,Test Observer 990
1064,2224,Test Observer 991
1065,2225,Test Observer 992
1066,2226,Test Observer 993
1067,2227,Test Observer 994
1068,2228,Test Observer 995
1069,2229,Test Observer 996
1070,2230,Test Observer 997
1071,2231,Test Observer 998
1072,2232,Test Observer 999
1073,2233,Test Observer 1000
