CountyCode,Address,Number
CODE 1,Example address,1
CODE 1,Example address,2
CODE 1,Example address,3
CODE 1,Example address,4
CODE 1,Example address,5
CODE 1,Example address,6
CODE 1,Example address,7
CODE 1,Example address,8
CODE 1,Example address,9
CODE 1,Example address,10
CODE 1,Example address,11
CODE 1,Example address,12
CODE 1,Example address,13
CODE 1,Example address,14
CODE 1,Example address,15
CODE 1,Example address,16
CODE 1,Example address,17
CODE 1,Example address,18
CODE 1,Example address,19
CODE 1,Example address,20
CODE 1,Example address,21
CODE 1,Example address,22
CODE 1,Example address,23
CODE 1,Example address,24
CODE 1,Example address,25
CODE 1,Example address,26
CODE 1,Example address,27
CODE 1,Example address,28
CODE 1,Example address,29
CODE 1,Example address,30
CODE 1,Example address,31
CODE 1,Example address,32
CODE 1,Example address,33
CODE 1,Example address,34
CODE 1,Example address,35
CODE 1,Example address,36
CODE 1,Example address,37
CODE 1,Example address,38
CODE 1,Example address,39
CODE 1,Example address,40
CODE 1,Example address,41
CODE 1,Example address,42
CODE 1,Example address,43
CODE 1,Example address,44
CODE 1,Example address,45
CODE 1,Example address,46
CODE 1,Example address,47
CODE 1,Example address,48
CODE 1,Example address,49
CODE 1,Example address,50
CODE 1,Example address,51
CODE 1,Example address,52
CODE 1,Example address,53
CODE 1,Example address,54
CODE 1,Example address,55
CODE 1,Example address,56
CODE 1,Example address,57
CODE 1,Example address,58
CODE 1,Example address,59
CODE 1,Example address,60
CODE 1,Example address,61
CODE 1,Example address,62
CODE 1,Example address,63
CODE 1,Example address,64
CODE 1,Example address,65
CODE 1,Example address,66
CODE 1,Example address,67
CODE 1,Example address,68
CODE 1,Example address,69
CODE 1,Example address,70
CODE 1,Example address,71
CODE 1,Example address,72
CODE 1,Example address,73
CODE 1,Example address,74
CODE 1,Example address,75
CODE 1,Example address,76
CODE 1,Example address,77
CODE 1,Example address,78
CODE 1,Example address,79
CODE 1,Example address,80
CODE 1,Example address,81
CODE 1,Example address,82
CODE 1,Example address,83
CODE 1,Example address,84
CODE 1,Example address,85
CODE 1,Example address,86
CODE 1,Example address,87
CODE 1,Example address,88
CODE 1,Example address,89
CODE 1,Example address,90
CODE 1,Example address,91
CODE 1,Example address,92
CODE 1,Example address,93
CODE 1,Example address,94
CODE 1,Example address,95
CODE 1,Example address,96
CODE 1,Example address,97
CODE 1,Example address,98
CODE 1,Example address,99
CODE 1,Example address,100